Timestamp,User Count,Type,Name,Requests/s,Failures/s,50%,66%,75%,80%,90%,95%,98%,99%,99.9%,99.99%,100%,Total Request Count,Total Failure Count,Total Median Response Time,Total Average Response Time,Total Min Response Time,Total Max Response Time,Total Average Content Size
1776191047,0,,Aggregated,0.000000,0.000000,N/A,N/A,N/A,N/A,N/A,N/A,N/A,N/A,N/A,N/A,N/A,0,0,0,0.0,0,0,0
1776191048,500,,Aggregated,0.000000,0.000000,400,530,610,660,740,850,900,900,910,910,910,246,246,390,399.9568807601877,99.07419699993625,909.3159080002806,1835.3130081300812
1776191049,1000,,Aggregated,0.000000,0.000000,220,240,300,410,740,1100,1300,1300,1900,1900,1900,957,957,220,335.12569545558796,99.07419699993625,1909.757138000714,886.4305120167189
1776191050,1500,,Aggregated,86.000000,86.000000,230,280,310,360,720,1100,1400,2100,2500,2500,2500,1818,1818,230,353.6079850621563,99.07419699993625,2526.836213999559,698.2623762376238
1776191051,2000,,Aggregated,354.000000,354.000000,270,320,350,380,610,1000,1900,2500,3600,3600,3600,2589,2589,270,376.7327755662434,99.07419699993625,3582.862641000247,580.2985708767864
1776191052,2500,,Aggregated,507.000000,507.000000,310,350,400,450,650,1100,1600,2500,4700,4800,4800,3342,3342,310,413.55523610173003,99.07419699993625,4803.1234110003425,486.00059844404547
1776191053,3000,,Aggregated,566.250000,566.250000,320,370,440,470,530,1100,1500,2400,4800,5800,5800,4180,4180,320,414.66671078324157,99.07419699993625,5753.724197998963,420.99282296650716
1776191054,3500,,Aggregated,611.400000,611.400000,350,440,480,490,560,1100,1700,2300,4800,5800,5800,5115,5115,350,444.5699628459241,99.07419699993625,5753.724197998963,373.6070381231672
1776191055,4000,,Aggregated,625.333333,625.333333,360,450,480,500,590,1100,2000,2600,4800,5800,5800,5916,5916,360,461.4259895875449,99.07419699993625,5753.724197998963,344.91920216362405
1776191056,4500,,Aggregated,660.000000,660.000000,390,480,510,530,660,1100,2000,2700,4800,5800,5800,6730,6730,390,479.39021745986776,99.07419699993625,5753.724197998963,322.7704309063893
1776191058,5000,,Aggregated,685.888889,685.888889,440,510,540,580,760,1100,2500,3400,4700,5800,5800,7673,7673,440,523.6745093938404,99.07419699993625,5753.724197998963,302.9761501368435
1776191059,5000,,Aggregated,690.100000,690.100000,460,510,550,600,760,950,2300,3400,4700,5800,5800,8714,8714,460,531.4454104655634,99.07419699993625,5753.724197998963,296.07964195547396
1776191060,5000,,Aggregated,743.700000,743.700000,480,530,590,660,810,1000,2500,3700,5500,5800,5800,9569,9569,480,567.6803432277048,99.07419699993625,5753.724197998963,293.15581565471837
1776191061,5000,,Aggregated,792.300000,792.300000,480,540,610,660,800,990,2400,3600,5500,5700,5800,10649,10649,480,568.0009979533213,99.07419699993625,5753.724197998963,287.992111935393
1776191062,5000,,Aggregated,771.400000,771.400000,500,580,650,690,800,980,2600,4100,5900,6200,6200,11635,11635,500,597.5451136826742,99.07419699993625,6191.324624000117,284.7632144391921
1776191063,5000,,Aggregated,811.200000,811.200000,510,600,680,730,810,970,2500,4000,5900,6200,6200,12643,12643,510,606.4979375141911,99.07419699993625,6191.324624000117,281.8299454243455
1776191064,5000,,Aggregated,812.700000,812.700000,520,620,690,740,820,1000,3600,5800,7500,17000,17000,13682,13682,520,666.4574210962511,99.07419699993625,17365.81080399992,280.6474930565707
1776191066,5000,,Aggregated,817.400000,817.400000,530,650,740,780,900,1300,4500,5800,7500,17000,18000,14420,14420,530,727.0118507398722,99.07419699993625,17633.309017999636,280.5849514563107
1776191067,5000,,Aggregated,820.900000,820.900000,560,700,780,810,980,1300,4500,5900,19000,19000,19000,15765,15765,560,772.7337703583859,99.07419699993625,19475.527618000342,275.96479543292105
1776191068,5000,,Aggregated,824.700000,824.700000,590,740,810,840,1100,1300,4500,5900,20000,21000,21000,16836,16836,590,812.5371040318917,99.07419699993625,20587.620491000052,273.86237823711093
1776191069,5000,,Aggregated,857.800000,857.800000,620,770,820,860,1000,1300,4500,6100,21000,22000,22000,18291,18291,620,841.6914140744043,99.07419699993625,22218.355506998705,269.70187523918867
1776191070,5000,,Aggregated,897.500000,897.400000,650,780,830,890,1100,1300,4500,6200,23000,23000,23000,19601,19601,650,875.8532549126004,99.07419699993625,23323.09316700048,268.0303045762971
1776191072,5000,,Aggregated,903.400000,903.400000,670,790,850,930,1100,1300,4500,6300,23000,24000,24000,20754,20754,670,901.9380309810123,99.07419699993625,24486.576491999585,267.3592078635444
1776191073,5000,,Aggregated,956.100000,956.100000,700,800,870,940,1100,1300,4500,6400,25000,26000,26000,22286,22286,700,928.5575180388997,99.07419699993625,25870.555875999344,264.0050704478148
1776191074,5000,,Aggregated,957.000000,957.000000,730,820,900,960,1100,1300,4500,6800,26000,27000,27000,23703,23703,730,968.6041123391941,99.07419699993625,27126.273186999242,263.3911741129815
1776191078,5000,,Aggregated,975.400000,975.400000,740,830,920,980,1100,1300,4500,6800,27000,28000,28000,24722,24722,740,983.3482988895277,99.07419699993625,28135.456731000886,260.96468732303214
1776191080,5000,,Aggregated,767.600000,767.700000,750,830,920,990,1100,1300,4400,6600,27000,29000,29000,26330,26330,750,984.9511561895883,99.07419699993625,29102.9050140005,259.8577668059248
1776191081,5000,,Aggregated,737.700000,737.700000,760,840,940,1000,1100,1300,4400,6900,29000,30000,30000,27592,27592,760,1013.8521927762339,99.07419699993625,30470.345280999027,258.52272397796463
1776191082,5000,,Aggregated,749.100000,749.100000,770,860,970,1000,1100,1300,4400,7000,30000,31000,31000,28877,28877,770,1037.482195957815,99.07419699993625,30967.127134999828,257.978806662742
1776191083,5000,,Aggregated,729.000000,729.000000,780,870,980,1000,1100,1300,4200,7200,31000,32000,32000,30175,30175,780,1055.8995399662258,99.07419699993625,31883.37664699975,256.72212096106045
1776191084,5000,,Aggregated,734.900000,734.900000,790,900,1000,1100,1200,1200,4200,7500,32000,33000,33000,31493,31493,790,1077.6910927370172,99.07419699993625,33485.98764400049,256.1975994665481
1776191086,5000,,Aggregated,758.600000,758.600000,800,920,1000,1100,1200,1200,4200,7600,33000,34000,35000,32826,32826,800,1100.0435284798652,99.07419699993625,34697.01886799885,255.01239870834095
1776191087,5000,,Aggregated,743.900000,743.900000,810,940,1000,1100,1200,1300,4200,19000,34000,36000,36000,34227,34227,810,1128.6021360143786,99.07419699993625,36085.87206999982,254.37005872556753
1776191088,5000,,Aggregated,833.900000,833.900000,820,960,1000,1100,1200,1300,4100,19000,35000,37000,37000,35629,35629,820,1147.8345222862304,99.07419699993625,37233.09416899974,253.77566027674087
1776191090,5000,,Aggregated,971.600000,971.600000,830,970,1100,1100,1200,1300,4000,19000,36000,38000,38000,36703,36703,830,1162.551563323577,99.07419699993625,38141.925451000134,252.8609650437294
1776191091,5000,,Aggregated,1100.200000,1100.200000,840,980,1100,1100,1200,1300,3900,20000,37000,40000,40000,38145,38145,840,1181.004223682454,99.07419699993625,39554.05021600018,252.2659588412636
1776191092,5000,,Aggregated,1074.100000,1074.100000,850,1000,1100,1100,1200,1300,3900,20000,39000,41000,41000,39610,39610,850,1200.742736821664,99.07419699993625,40822.3386589998,251.6622065135067
1776191093,5000,,Aggregated,1067.400000,1067.400000,860,1000,1100,1100,1200,1300,3900,21000,40000,42000,42000,40706,40706,860,1218.097668142148,99.07419699993625,41987.45936699925,251.90922714096203
1776191094,5000,,Aggregated,1082.800000,1082.800000,870,1000,1100,1100,1200,1400,3900,21000,41000,43000,43000,41906,41906,870,1231.626976157241,99.07419699993625,42714.748940999925,250.88560110724
1776191096,5000,,Aggregated,1055.800000,1055.800000,890,1000,1100,1200,1300,1400,3800,21000,42000,44000,44000,43425,43425,890,1254.3508209029437,99.07419699993625,44479.52841699953,250.27092688543465
1776191097,5000,,Aggregated,1060.300000,1060.300000,900,1100,1100,1200,1300,1400,3700,21000,42000,45000,45000,44417,44417,900,1264.4011206738255,99.07419699993625,45264.799718001086,250.2505572190828
1776191098,5000,,Aggregated,1059.800000,1059.800000,910,1100,1100,1200,1300,1500,3600,21000,43000,46000,47000,45845,45845,910,1282.9953860107819,99.07419699993625,46787.90311800003,248.91940233395135
1776191100,5000,,Aggregated,1030.900000,1030.900000,920,1100,1100,1200,1300,1600,3600,21000,44000,48000,48000,46652,46652,920,1301.2345409121863,99.07419699993625,48302.00300599972,250.66661665094745
1776191101,5000,,Aggregated,980.100000,980.100000,930,1100,1200,1200,1400,1700,3600,22000,46000,49000,49000,47906,47906,930,1333.7491513768275,99.07419699993625,49353.13129599854,250.6068550912203
1776191102,5000,,Aggregated,994.900000,994.900000,950,1100,1200,1200,1400,1700,3600,22000,48000,50000,50000,49035,49035,950,1344.6206007301803,99.07419699993625,50469.6189210008,249.8922198429693
1776191103,5000,,Aggregated,997.700000,997.700000,970,1100,1200,1200,1400,1600,3600,23000,49000,52000,52000,50677,50677,970,1372.194942525533,99.07419699993625,52083.725308000794,247.03788700988613
1776191105,5000,,Aggregated,967.100000,967.100000,980,1100,1200,1200,1400,1600,3600,23000,50000,53000,53000,51885,51885,980,1386.144117580405,99.07419699993625,53160.854850999385,245.05271273007614
1776191106,5000,,Aggregated,958.000000,958.000000,990,1100,1200,1300,1500,1600,3600,23000,51000,54000,55000,53149,53149,990,1408.4963919999338,99.07419699993625,54535.77115000007,243.8896874823609
1776191107,5000,,Aggregated,966.900000,966.900000,1000,1100,1200,1300,1500,1600,3400,23000,52000,55000,56000,54440,54440,1000,1415.573225674016,99.07419699993625,55500.254559001405,243.141623806025
1776191109,5000,,Aggregated,969.400000,969.400000,1000,1200,1200,1300,1500,1600,3400,23000,53000,57000,57000,56174,56174,1000,1437.0772967582582,99.07419699993625,57287.02699899986,243.33665040766192
1776191113,5000,,Aggregated,999.800000,999.800000,1000,1200,1200,1300,1500,1700,3400,23000,54000,58000,58000,56976,56976,1000,1450.388684217799,99.07419699993625,58276.71737299897,242.95224304970515
1776191114,5000,,Aggregated,837.400000,837.400000,1000,1200,1300,1300,1500,1700,3300,24000,55000,59000,59000,58326,58326,1000,1468.2041810752237,99.07419699993625,59016.65647200025,243.30722147927167
1776191116,5000,,Aggregated,713.800000,713.800000,1100,1200,1300,1400,1500,1700,3000,23000,56000,60000,60000,60067,60067,1100,1481.5151979123932,99.07419699993625,60317.43288500002,243.1146719496562
1776191117,5000,,Aggregated,681.900000,681.900000,1100,1200,1300,1400,1500,1700,3000,24000,58000,62000,62000,61399,61399,1100,1500.3400549041974,99.07419699993625,61974.23919100038,243.11923646964934
1776191118,5000,,Aggregated,739.300000,739.300000,1100,1200,1300,1400,1500,1700,2900,24000,58000,62000,63000,62717,62717,1100,1508.5045313889702,99.07419699993625,62979.313354000624,242.79627533204714
1776191120,5000,,Aggregated,704.900000,704.900000,1100,1200,1300,1400,1600,1700,2900,24000,60000,64000,64000,64016,64016,1100,1528.0175381315325,99.07419699993625,64403.552716001286,241.83105786053486
1776191121,5000,,Aggregated,714.100000,714.100000,1100,1200,1400,1400,1600,1700,2800,24000,61000,65000,66000,65447,65447,1100,1537.0216775305532,99.07419699993625,65730.61121900173,240.74593182269624
1776191122,5000,,Aggregated,749.600000,749.600000,1100,1200,1400,1400,1600,1700,2700,25000,62000,67000,67000,66823,66823,1100,1554.2558168294267,99.07419699993625,67131.3751990001,240.09623931879742
1776191123,5000,,Aggregated,801.700000,801.700000,1100,1300,1400,1400,1600,1700,2500,24000,62000,67000,68000,68290,68290,1100,1565.4054319168968,99.07419699993625,68207.47337100147,239.36791623956657
1776191125,5000,,Aggregated,1026.500000,1026.500000,1100,1300,1400,1400,1600,1700,2500,25000,64000,69000,70000,69679,69679,1100,1581.7833019287605,99.07419699993625,69509.69186399925,239.06776790711692
1776191126,5000,,Aggregated,1040.100000,1040.100000,1100,1300,1400,1500,1600,1700,2500,25000,65000,70000,71000,71026,71026,1100,1592.6823396236193,99.07419699993625,70808.13105699963,238.21547039112437
1776191127,5000,,Aggregated,1062.300000,1062.300000,1100,1300,1400,1500,1600,1700,2400,25000,67000,72000,72000,72592,72592,1100,1605.6684963698626,99.07419699993625,71566.66954200045,238.063546947322
1776191129,5000,,Aggregated,1051.600000,1051.600000,1100,1300,1400,1500,1600,1700,2400,25000,69000,73000,73000,73973,73973,1100,1624.8056469247579,99.07419699993625,73321.14438299868,238.10716072080353
1776191130,5000,,Aggregated,1059.700000,1059.700000,1100,1300,1400,1500,1600,1700,2300,25000,69000,74000,74000,74870,74870,1100,1631.1614749011355,99.07419699993625,74364.43908000001,237.77334045679177
1776191131,5000,,Aggregated,1113.800000,1113.800000,1100,1300,1400,1500,1600,1700,2300,25000,70000,75000,76000,76450,76450,1100,1643.8701908601176,99.07419699993625,75601.63797799942,236.77266187050358
1776191132,5000,,Aggregated,1074.800000,1074.800000,1200,1300,1400,1500,1600,1700,2200,26000,71000,77000,77000,77890,77890,1200,1662.2485476370898,99.07419699993625,76993.67857499965,236.50147644113494
1776191134,5000,,Aggregated,1037.500000,1037.500000,1200,1400,1500,1500,1600,1700,2000,25000,72000,78000,78000,79448,79448,1200,1669.9199590480578,99.07419699993625,78422.56877799991,235.85786929815728
1776191135,5000,,Aggregated,1081.100000,1081.100000,1200,1400,1500,1500,1600,1700,2000,26000,73000,80000,80000,80861,80861,1200,1686.897690906738,99.07419699993625,79570.6223749985,235.36899123186703
1776191136,5000,,Aggregated,1053.700000,1053.700000,1200,1400,1500,1500,1600,1700,2000,26000,74000,81000,81000,81902,81902,1200,1695.566742536246,99.07419699993625,80622.68189499991,235.23001880295965
1776191138,5000,,Aggregated,1106.600000,1106.600000,1200,1400,1500,1500,1600,1700,2000,25000,75000,81000,81000,83634,83634,1200,1701.607723120249,99.07419699993625,81377.71027499912,234.2302532462874
1776191139,5000,,Aggregated,1084.300000,1084.300000,1200,1400,1500,1500,1600,1700,1900,26000,77000,83000,83000,85074,85074,1200,1716.63667485672,99.07419699993625,83261.73468100023,234.2803089075393
1776191140,5000,,Aggregated,1104.200000,1104.200000,1200,1400,1500,1500,1600,1700,1900,26000,79000,85000,85000,86666,86666,1200,1737.570575377465,99.07419699993625,84823.42721599889,234.45246117277824
1776191142,5000,,Aggregated,1085.700000,1085.700000,1200,1400,1500,1500,1600,1700,1900,26000,78000,85000,85000,87729,87729,1200,1735.5610827659389,99.07419699993625,84823.42721599889,234.0684722269717
1776191143,5000,,Aggregated,1074.500000,1074.500000,1200,1400,1500,1500,1600,1700,2100,26000,80000,87000,87000,89378,89378,1200,1756.1495903522475,99.07419699993625,87163.03906900066,233.95020027299782
1776191145,5000,,Aggregated,1090.300000,1090.300000,1200,1400,1500,1600,1600,1800,2100,25000,81000,88000,89000,91257,91257,1200,1762.1158064307594,99.07419699993625,88576.35340900015,233.41715156097615
1776191149,5000,,Aggregated,895.000000,895.000000,1200,1400,1500,1600,1700,1700,2100,26000,82000,90000,90000,92687,92687,1200,1779.790731114351,99.07419699993625,89912.569514001,233.24968981626333
1776191150,5000,,Aggregated,772.100000,772.100000,1200,1400,1500,1600,1700,1800,2100,26000,83000,92000,92000,93669,93669,1200,1787.3821888902105,99.07419699993625,91570.37741600107,232.9635525093681
1776191151,5000,,Aggregated,720.600000,720.600000,1200,1400,1500,1600,1700,1800,2100,25000,84000,92000,92000,95507,95507,1200,1794.1815589347302,99.07419699993625,91887.04350599983,232.27783303841602
1776191153,5000,,Aggregated,751.700000,751.700000,1200,1400,1500,1600,1700,1800,2100,26000,86000,94000,94000,97153,97153,1200,1810.4812009708687,99.07419699993625,94372.03249199956,232.42458802095663
1776191154,5000,,Aggregated,777.800000,777.800000,1300,1500,1500,1600,1700,1800,2100,26000,87000,95000,95000,98406,98406,1300,1817.3194227132724,99.07419699993625,95344.79809100048,231.9676340873524
1776191155,5000,,Aggregated,784.400000,784.400000,1300,1500,1500,1600,1700,1800,2100,26000,88000,97000,97000,100047,100047,1300,1833.4331801066355,99.07419699993625,96839.01282000079,231.4680000399812
1776191157,5000,,Aggregated,784.800000,784.800000,1300,1500,1500,1600,1700,1800,2100,26000,90000,98000,98000,101683,101683,1300,1839.264333748418,99.07419699993625,97792.78447499928,230.5617556523706
1776191158,5000,,Aggregated,869.200000,869.200000,1300,1500,1600,1600,1700,1800,2000,26000,90000,98000,99000,102920,102920,1300,1846.573045374452,99.07419699993625,98863.8205089992,230.15764671589585
1776191159,5000,,Aggregated,1016.400000,1016.400000,1300,1500,1600,1600,1700,1800,2000,26000,92000,99000,100000,104610,104610,1300,1859.9669304791973,99.07419699993625,100476.68838000027,230.09153044642002
1776191161,5000,,Aggregated,1207.700000,1207.700000,1300,1500,1600,1600,1700,1800,2000,26000,93000,101000,101000,106359,106359,1300,1869.7616859721415,99.07419699993625,101382.5787099995,229.58186895326207
1776191162,5000,,Aggregated,1123.900000,1123.900000,1300,1500,1600,1600,1700,1800,2000,26000,94000,102000,103000,107444,107444,1300,1878.2454868197422,99.07419699993625,102921.94324800039,229.30217601727412
1776191163,5000,,Aggregated,1173.300000,1173.300000,1300,1500,1600,1600,1700,1800,2000,26000,95000,103000,104000,109195,109195,1300,1891.7320211650303,99.07419699993625,104407.89454300102,229.41238151930034
1776191165,5000,,Aggregated,1121.900000,1121.900000,1300,1500,1600,1600,1700,1800,2000,25000,96000,105000,106000,110940,110940,1300,1902.9490271252773,99.07419699993625,106006.95169499886,228.9373985938345
1776191167,5000,,Aggregated,1125.200000,1125.200000,1300,1500,1600,1600,1700,1800,2100,26000,98000,108000,108000,112716,112716,1300,1920.405438464313,99.07419699993625,107550.81828599941,228.84326093899713
1776191168,5000,,Aggregated,1143.800000,1143.800000,1300,1500,1600,1600,1700,1800,2000,25000,98000,108000,109000,114457,114457,1300,1926.528701036511,99.07419699993625,108687.31957000091,228.58365150231091
1776191169,5000,,Aggregated,1116.600000,1116.600000,1400,1500,1600,1600,1700,1800,2100,25000,99000,108000,110000,115587,115587,1400,1932.4788243501662,99.07419699993625,109837.1323600004,228.49359357021117
1776191170,5000,,Aggregated,1145.100000,1145.100000,1400,1500,1600,1600,1700,1800,2100,25000,100000,110000,111000,116807,116807,1400,1943.3586447309813,99.07419699993625,111065.9008190014,227.98363111799807
1776191172,5000,,Aggregated,1154.200000,1154.200000,1400,1500,1600,1700,1800,1800,2100,26000,102000,112000,112000,118575,118575,1400,1961.419556584281,99.07419699993625,112376.26664500021,228.09605734767024
1776191173,5000,,Aggregated,1127.600000,1127.600000,1400,1500,1600,1700,1800,1900,2100,25000,103000,112000,114000,119829,119829,1400,1969.6569890157882,99.07419699993625,113560.72279399996,228.3083644192975
1776191174,5000,,Aggregated,1168.200000,1168.200000,1400,1500,1600,1700,1800,1900,2100,25000,103000,114000,115000,121270,121270,1400,1976.338930672044,99.07419699993625,114863.73265000111,227.8772985899233
1776191176,5000,,Aggregated,1133.900000,1133.900000,1400,1600,1600,1700,1800,1900,2100,25000,105000,115000,116000,122961,122961,1400,1984.596727132165,99.07419699993625,115811.2369010014,227.49902001447614
1776191177,5000,,Aggregated,1135.600000,1135.500000,1400,1600,1600,1700,1800,1900,2100,25000,107000,117000,118000,124798,124798,1400,2002.2099843304545,99.07419699993625,117735.97227100072,227.75009214891264
1776191178,5000,,Aggregated,1081.600000,1081.600000,1400,1600,1600,1700,1800,1900,2100,25000,108000,118000,119000,126133,126133,1400,2004.7593470434479,99.07419699993625,119019.98559799904,227.74080534039467
1776191180,5000,,Aggregated,1097.600000,1097.600000,1400,1600,1600,1700,1800,1900,2100,25000,108000,120000,120000,127343,127343,1400,2018.3713733851544,99.07419699993625,120240.7624970001,227.62653620536662
1776191184,5000,,Aggregated,946.300000,946.300000,1400,1600,1700,1700,1800,1900,2100,25000,110000,120000,121000,129244,129244,1400,2025.509068189121,99.07419699993625,121054.2686969984,227.3313500046424
1776191186,5000,,Aggregated,807.100000,807.100000,1400,1600,1700,1700,1800,1900,2200,25000,111000,122000,124000,131199,131199,1400,2043.6246709204643,99.07419699993625,123603.01938000157,227.18224224270003
1776191188,5000,,Aggregated,753.100000,753.200000,1400,1600,1700,1700,1800,1900,2200,25000,112000,124000,125000,132679,132679,1400,2050.9026174038763,99.07419699993625,124525.98402900003,226.9446031399091
1776191189,5000,,Aggregated,806.700000,806.800000,1400,1600,1700,1700,1900,2000,2300,24000,112000,125000,126000,134456,134456,1400,2060.098512382864,99.07419699993625,125789.01934199894,226.56844618313798
1776191190,5000,,Aggregated,788.100000,788.100000,1400,1600,1700,1700,1900,2000,2300,24000,114000,126000,128000,135756,135756,1400,2067.73255273086,99.07419699993625,127558.85356699946,226.26890892483573
1776191192,5000,,Aggregated,806.600000,806.600000,1400,1600,1700,1700,1900,2000,2300,24000,116000,128000,129000,137792,137792,1400,2082.043178449313,99.07419699993625,129156.72156399887,226.57711623316303
1776191194,5000,,Aggregated,823.200000,823.200000,1400,1600,1700,1800,1900,2000,2300,24000,117000,129000,130000,139792,139792,1400,2087.514609556223,99.07419699993625,130144.02214099937,226.1173672313151
1776191195,5000,,Aggregated,1057.300000,1057.300000,1400,1600,1700,1800,1900,2000,2300,23000,118000,130000,132000,141409,141409,1400,2092.615339201394,99.07419699993625,131932.95926999964,226.1498419478251
1776191197,5000,,Aggregated,1118.700000,1118.700000,1500,1600,1700,1800,1900,2000,2300,23000,120000,133000,134000,143419,143419,1500,2108.6587565251757,99.07419699993625,133577.39880500047,225.85426617114888
1776191198,5000,,Aggregated,1131.100000,1131.100000,1500,1600,1700,1800,1900,2000,2300,23000,120000,134000,135000,145382,145382,1500,2113.228883858712,99.07419699993625,135285.5458999984,225.58741109628428
1776191200,5000,,Aggregated,1181.700000,1181.700000,1500,1600,1700,1800,1900,2000,2300,23000,122000,136000,137000,147489,147489,1500,2129.2746257562635,99.07419699993625,136795.14189400105,225.4127290848809
1776191201,5000,,Aggregated,1166.900000,1166.900000,1500,1600,1700,1800,1900,2000,2200,23000,124000,137000,138000,148778,148778,1500,2136.9560682510446,99.07419699993625,138099.3169480007,225.1534568282945
1776191203,5000,,Aggregated,1146.300000,1146.300000,1500,1600,1700,1800,1900,2000,2200,23000,125000,138000,139000,150469,150469,1500,2141.997870972837,99.07419699993625,139329.84203600063,224.87530986449036
1776191204,5000,,Aggregated,1157.500000,1157.500000,1500,1600,1700,1800,1900,2000,2200,23000,126000,139000,140000,151885,151885,1500,2148.2627235672744,99.07419699993625,140325.62422299996,224.57369062119366
1776191206,5000,,Aggregated,1188.900000,1188.900000,1500,1600,1700,1800,1900,2000,2200,22000,127000,140000,142000,153955,153955,1500,2153.9569389878848,99.07419699993625,141678.2637849992,224.15345393134356
1776191207,5000,,Aggregated,1146.900000,1146.900000,1500,1700,1700,1800,1900,2000,2200,23000,128000,143000,144000,155957,155957,1500,2169.387812716358,99.07419699993625,143907.016956,224.18874433337393
1776191208,5000,,Aggregated,1203.500000,1203.500000,1500,1700,1800,1800,1900,2000,2200,22000,129000,144000,145000,157423,157423,1500,2176.3328345382897,99.07419699993625,145025.2895320009,224.15975429257477
1776191210,5000,,Aggregated,1146.100000,1146.100000,1500,1700,1800,1800,1900,2000,2200,22000,130000,145000,146000,158702,158702,1500,2183.2692504655793,99.07419699993625,146237.13414399937,223.93113508336378
1776191211,5000,,Aggregated,1204.100000,1204.100000,1500,1700,1800,1800,1900,2000,2200,21000,131000,146000,148000,160935,160935,1500,2189.2973667083356,99.07419699993625,147866.58050200093,223.74492807655264
1776191213,5000,,Aggregated,1178.000000,1178.000000,1500,1700,1800,1800,2000,2000,2200,21000,133000,147000,148000,162491,162491,1500,2195.1313956560616,99.07419699993625,148312.205825001,223.81997772184306
1776191214,5000,,Aggregated,1153.100000,1153.100000,1500,1700,1800,1800,2000,2000,2200,21000,135000,150000,151000,164747,164747,1500,2209.925733437737,99.07419699993625,150815.4255619993,223.7624600144464
1776191219,5000,,Aggregated,990.900000,990.900000,1500,1700,1800,1800,2000,2100,2300,21000,135000,151000,152000,166119,166119,1500,2218.010675990577,99.07419699993625,152172.96302799878,223.90411692822616
1776191220,5000,,Aggregated,935.200000,935.200000,1500,1700,1800,1800,2000,2100,2300,21000,136000,152000,154000,167539,167539,1500,2227.7928173032988,99.07419699993625,153662.34870299924,224.02600588519687
1776191222,5000,,Aggregated,820.500000,820.500000,1500,1700,1800,1900,2000,2100,2400,21000,137000,154000,155000,168994,168994,1500,2238.2689060520233,99.07419699993625,155147.77809800033,223.87625004438027
1776191223,5000,,Aggregated,763.000000,763.000000,1500,1700,1800,1900,2000,2100,2400,21000,138000,155000,156000,170503,170503,1500,2246.904682963321,99.07419699993625,156300.3166749986,223.96363113845504
1776191225,5000,,Aggregated,729.400000,729.400000,1500,1700,1800,1900,2000,2100,2500,20000,139000,156000,157000,172736,172736,1500,2254.276547897087,99.07419699993625,157465.51864700086,223.6639843460541
1776191226,5000,,Aggregated,750.100000,750.100000,1500,1700,1800,1900,2000,2100,2500,20000,140000,157000,159000,174024,174024,1500,2262.332269968567,99.07419699993625,158854.3176889998,223.58012687905116
1776191228,5000,,Aggregated,803.300000,803.300000,1500,1700,1800,1900,2000,2200,2500,19000,142000,159000,160000,175894,175894,1500,2269.021000798275,99.07419699993625,160004.4790890006,223.41781413806044
1776191229,5000,,Aggregated,920.900000,920.900000,1500,1700,1800,1900,2000,2200,2600,19000,142000,160000,161000,177442,177442,1500,2277.2786086059073,99.07419699993625,161416.89352600044,223.49248768611716
1776191231,5000,,Aggregated,1050.500000,1050.400000,1600,1700,1800,1900,2000,2200,2600,19000,143000,161000,163000,178790,178790,1600,2286.2700966559323,99.07419699993625,163385.33790499967,223.63473907936685
1776191232,5000,,Aggregated,1081.500000,1081.500000,1600,1700,1800,1900,2000,2200,2600,19000,144000,163000,164000,180642,180642,1600,2294.6214874830057,99.07419699993625,164377.86264200078,223.48165985761895
1776191234,5000,,Aggregated,1125.100000,1125.100000,1600,1700,1800,1900,2100,2300,2600,19000,145000,164000,166000,181888,181888,1600,2304.276616134991,99.07419699993625,165905.50364699995,223.17869238212526
1776191235,5000,,Aggregated,1085.700000,1085.700000,1600,1700,1800,1900,2100,2300,2700,17000,146000,166000,167000,183609,183609,1600,2313.239507361373,99.07419699993625,167103.58229099982,222.95864037165933
1776191237,5000,,Aggregated,1104.900000,1104.900000,1600,1700,1800,1900,2100,2300,2700,8800,147000,167000,168000,185398,185398,1600,2321.1295536560488,99.07419699993625,168461.10969499932,222.9544061963991
1776191239,5000,,Aggregated,1082.500000,1082.500000,1600,1800,1900,1900,2100,2300,2700,7600,148000,170000,172000,187737,187737,1600,2337.919475129468,99.07419699993625,171521.55439800117,223.00249284903882
1776191240,5000,,Aggregated,1072.100000,1072.200000,1600,1800,1900,1900,2100,2300,2700,7500,150000,170000,173000,188878,188878,1600,2340.5253144557755,99.07419699993625,172503.95662400115,222.63310708499665
1776191241,5000,,Aggregated,1140.400000,1140.400000,1600,1800,1900,1900,2100,2400,2700,7500,151000,173000,174000,190715,190715,1600,2356.1450050948574,99.07419699993625,174321.74965800004,222.84398185774586
1776191243,5000,,Aggregated,1072.700000,1072.700000,1600,1800,1900,1900,2100,2400,2700,7200,152000,174000,176000,192808,192808,1600,2361.478466065617,99.07419699993625,175817.02053400112,222.63296128791336
1776191245,5000,,Aggregated,1089.300000,1089.300000,1600,1800,1900,1900,2200,2400,2700,7200,154000,176000,177000,193676,193676,1600,2371.994117216498,99.07419699993625,176891.73956299963,223.03239430801958
1776191246,5000,,Aggregated,1123.000000,1123.000000,1600,1800,1900,1900,2200,2400,2800,6900,154000,176000,179000,195763,195763,1600,2376.7181886530852,99.07419699993625,178946.0588260008,223.04547335298295
1776191248,5000,,Aggregated,1106.200000,1106.200000,1600,1800,1900,1900,2200,2400,2800,6900,156000,179000,180000,197673,197673,1600,2388.0900930164107,99.07419699993625,180395.98992500032,222.7841485685956
1776191249,5000,,Aggregated,1077.500000,1077.500000,1600,1800,1900,2000,2200,2400,2800,6900,157000,180000,182000,198827,198827,1600,2397.3472269788444,99.07419699993625,181579.22228899953,222.5386592364216
1776191254,5000,,Aggregated,1119.400000,1119.400000,1600,1800,1900,2000,2200,2500,2800,6800,157000,182000,183000,200863,200863,1600,2403.930863123755,99.07419699993625,183348.47832800006,222.35618804857043
1776191255,5000,,Aggregated,931.200000,931.200000,1600,1800,1900,2000,2200,2500,2800,6600,159000,182000,185000,202413,202413,1600,2409.1295597142666,99.07419699993625,184525.7967439993,221.9996788743806
1776191257,5000,,Aggregated,774.500000,774.500000,1600,1800,1900,2000,2300,2500,2800,6400,159000,183000,186000,203869,203869,1600,2412.2939478658786,99.07419699993625,185953.97107200004,221.6769003624877
1776191259,5000,,Aggregated,795.200000,795.200000,1600,1800,1900,2000,2300,2500,2800,6400,161000,186000,187000,206459,206459,1600,2426.0608605846714,99.07419699993625,187019.19472200098,221.4526758339428
1776191260,5000,,Aggregated,803.200000,803.300000,1600,1800,1900,2000,2300,2500,2800,6400,163000,187000,189000,207862,207862,1600,2434.9571544161145,99.07419699993625,188592.57900199917,221.57226429073134
1776191262,5000,,Aggregated,787.800000,787.800000,1600,1800,1900,2000,2300,2500,2800,6300,163000,189000,191000,209554,209554,1600,2443.874891343094,99.07419699993625,191095.8002389998,221.29672065434207
1776191263,5000,,Aggregated,787.100000,787.100000,1600,1800,1900,2000,2300,2600,2800,6200,164000,190000,192000,211531,211531,1600,2451.5730321738715,99.07419699993625,191503.2292849992,221.04874462844688
1776191265,5000,,Aggregated,875.500000,875.500000,1600,1800,1900,2000,2300,2600,2800,6200,166000,191000,194000,212847,212847,1600,2461.4917301556297,99.07419699993625,193739.29849299928,220.88697045295447
1776191266,5000,,Aggregated,1066.800000,1066.800000,1600,1800,1900,2000,2300,2600,2800,6100,167000,193000,194000,215022,215022,1600,2468.051082795106,99.07419699993625,194450.90773500124,220.69357554110744
1776191268,5000,,Aggregated,1086.800000,1086.800000,1600,1800,1900,2000,2300,2600,2800,6100,168000,194000,196000,216721,216721,1600,2476.861552528699,99.07419699993625,196232.14899699995,220.43210856354483
1776191270,5000,,Aggregated,1001.100000,1001.100000,1600,1800,1900,2000,2400,2600,2800,6100,170000,196000,198000,218153,218153,1600,2487.4813037078065,99.07419699993625,198025.88332599954,220.24641421387742
1776191271,5000,,Aggregated,1027.300000,1027.300000,1600,1800,2000,2000,2400,2600,2800,5900,170000,196000,199000,220126,220126,1600,2494.5498227529365,99.07419699993625,199369.63135099906,220.018612067634
1776191273,5000,,Aggregated,1060.400000,1060.400000,1600,1800,2000,2000,2400,2600,2800,5900,172000,198000,201000,221815,221815,1600,2502.930824888896,99.07419699993625,200954.54840400087,219.57559227283997
1776191274,5000,,Aggregated,1066.000000,1066.000000,1700,1800,2000,2100,2400,2600,2900,5900,174000,199000,203000,222713,222713,1700,2513.053507965807,99.07419699993625,202804.8919289995,219.53775037828956
1776191276,5000,,Aggregated,1125.200000,1125.200000,1700,1800,2000,2100,2400,2600,2900,5900,174000,201000,204000,224447,224447,1700,2521.4521845426143,99.07419699993625,203981.54799000075,219.28506061564644
1776191277,5000,,Aggregated,1059.300000,1059.300000,1700,1900,2000,2100,2400,2700,2900,5800,176000,203000,206000,225970,225970,1700,2530.4108650814514,99.07419699993625,205855.95754099995,219.1858653803602
1776191279,5000,,Aggregated,1042.600000,1042.600000,1700,1900,2000,2100,2400,2700,2900,5800,177000,204000,208000,227973,227973,1700,2541.1851254855364,99.07419699993625,207553.28023499897,218.96779881828112
1776191280,5000,,Aggregated,1057.300000,1057.300000,1700,1900,2000,2100,2400,2700,2900,5700,177000,206000,209000,229140,229140,1700,2542.810387549039,99.07419699993625,208917.8022010001,218.86652264990835
1776191282,5000,,Aggregated,1121.600000,1121.500000,1700,1900,2000,2100,2500,2700,2900,5600,179000,206000,210000,230756,230756,1700,2550.2488082730692,99.07419699993625,210189.0127279985,218.65534157291685
1776191284,5000,,Aggregated,1048.500000,1048.500000,1700,1900,2000,2100,2500,2700,3000,5600,179000,208000,212000,231869,231869,1700,2562.920049452908,99.07419699993625,212016.407703999,218.75689721351281
1776191285,5000,,Aggregated,951.800000,951.800000,1700,1900,2000,2100,2500,2700,3100,5500,180000,210000,213000,234087,234087,1700,2573.8375032769854,99.07419699993625,213225.02801000155,218.588148850641
1776191290,5000,,Aggregated,861.400000,861.400000,1700,1900,2000,2100,2500,2700,3100,5500,182000,212000,216000,236140,236140,1700,2580.530457469515,99.07419699993625,215559.08407000062,218.5544380452274
1776191291,5000,,Aggregated,682.700000,682.800000,1700,1900,2000,2200,2500,2700,3100,5400,183000,213000,216000,237517,237517,1700,2590.503334074412,99.07419699993625,216319.66861299952,218.68263745331913
1776191293,5000,,Aggregated,713.400000,713.400000,1700,1900,2000,2200,2500,2800,3100,5300,185000,216000,218000,239633,239633,1700,2598.5939966331252,99.07419699993625,217896.8756109989,218.63393606055928
1776191295,5000,,Aggregated,760.700000,760.700000,1700,1900,2000,2200,2600,2800,3100,5100,186000,216000,221000,241833,241833,1700,2606.6936199153674,99.07419699993625,220581.3821949996,218.65579139323418
1776191296,5000,,Aggregated,776.400000,776.400000,1700,1900,2000,2200,2600,2800,3100,5100,187000,218000,222000,242518,242518,1700,2616.899529704626,99.07419699993625,221774.08627200022,218.76376598850393
1776191298,5000,,Aggregated,760.600000,760.600000,1700,1900,2000,2200,2600,2800,3100,5000,187000,220000,223000,244573,244573,1700,2623.631248271237,99.07419699993625,222998.02938200082,218.72950407444813
1776191299,5000,,Aggregated,819.500000,819.500000,1700,1900,2000,2200,2600,2800,3100,4900,187000,220000,223000,245786,245786,1700,2622.7290308111856,99.07419699993625,222998.02938200082,218.5370078035364
1776191301,5000,,Aggregated,1051.000000,1051.000000,1700,1900,2100,2200,2600,2800,3100,4900,190000,223000,227000,248016,248016,1700,2639.9991062803792,99.07419699993625,226730.28422999958,218.72748935552545
1776191303,5000,,Aggregated,1053.100000,1053.100000,1700,1900,2100,2200,2600,2800,3200,4800,190000,225000,228000,250217,250217,1700,2642.366793449482,99.07419699993625,228252.716392999,218.48714915453385
1776191305,5000,,Aggregated,1067.100000,1067.100000,1700,1900,2100,2200,2600,2800,3200,4800,193000,227000,230000,251551,251551,1700,2657.2237991746415,99.07419699993625,229733.18581399872,218.70412759241665
1776191306,5000,,Aggregated,1058.400000,1058.400000,1700,1900,2100,2300,2600,2800,3200,4800,194000,229000,232000,253712,253712,1700,2665.892339022326,99.07419699993625,231701.72644500053,218.56228321876773
1776191308,5000,,Aggregated,1038.300000,1038.300000,1700,1900,2100,2300,2600,2900,3200,4800,193000,229000,232000,254379,254379,1700,2666.195259635322,99.07419699993625,231701.72644500053,218.41397285153255
1776191309,5000,,Aggregated,1074.200000,1074.200000,1700,1900,2100,2300,2600,2900,3200,4700,194000,230000,233000,256722,256722,1700,2675.0751613892403,99.07419699993625,233343.06566599844,218.65862294622198
1776191311,5000,,Aggregated,980.600000,980.600000,1700,1900,2100,2300,2700,2900,3200,4700,196000,232000,235000,258117,258117,1700,2684.363952147802,99.07419699993625,235190.04571999903,218.77165781409207
1776191312,5000,,Aggregated,1022.600000,1022.600000,1700,1900,2100,2300,2700,2900,3200,4600,198000,233000,237000,259750,259750,1700,2693.0158767693947,99.07419699993625,237147.7223009988,218.49772858517807
1776191314,5000,,Aggregated,1078.100000,1078.100000,1700,1900,2100,2300,2700,2900,3200,4600,199000,235000,239000,260867,260867,1700,2703.102951908933,99.07419699993625,238678.83455099945,218.7539014133639
1776191316,5000,,Aggregated,1040.400000,1040.400000,1700,1900,2100,2300,2700,2900,3200,4500,201000,237000,241000,263175,263175,1700,2711.049076711495,99.07419699993625,240832.07419700013,218.50251733637313
1776191317,5000,,Aggregated,1100.200000,1100.200000,1700,1900,2100,2300,2700,2900,3200,4500,201000,239000,242000,265275,265275,1700,2717.59424336923,99.07419699993625,242253.19363900053,218.29940627650552
1776191319,5000,,Aggregated,1027.200000,1027.200000,1700,2000,2100,2300,2700,2900,3200,4500,203000,241000,244000,266589,266589,1700,2726.0042848383487,99.07419699993625,243691.85938699957,218.26509345846978
1776191321,5000,,Aggregated,1089.600000,1089.600000,1700,2000,2200,2300,2700,2900,3200,4400,204000,242000,246000,268970,268970,1700,2734.4013001338976,99.07419699993625,245657.13275800046,218.0080492248206
1776191325,5000,,Aggregated,872.300000,872.300000,1800,2000,2200,2300,2700,3000,3200,4400,206000,244000,247000,271073,271073,1800,2742.133376115001,99.07419699993625,247249.69508800132,217.5721152604649
1776191326,5000,,Aggregated,810.300000,810.300000,1800,2000,2200,2300,2700,3000,3200,4300,206000,244000,247000,271602,271602,1800,2742.5441382174445,99.07419699993625,247249.69508800132,217.46387729103614
1776191328,5000,,Aggregated,696.500000,696.500000,1800,2000,2200,2400,2700,3000,3200,4200,208000,246000,250000,273494,273494,1800,2750.6133035131356,99.07419699993625,249573.42473400058,217.47565942945732
1776191330,5000,,Aggregated,799.700000,799.700000,1800,2000,2200,2400,2700,3000,3200,4100,208000,247000,251000,275383,275383,1800,2759.0004975564684,99.07419699993625,251365.08623199916,217.5669558396851
1776191332,5000,,Aggregated,795.200000,795.200000,1800,2000,2200,2400,2800,3000,3200,4100,210000,250000,252000,277304,277304,1800,2767.2972161717144,99.07419699993625,252345.3769810003,217.33787828520323
1776191333,5000,,Aggregated,728.300000,728.300000,1800,2000,2200,2400,2800,3000,3200,4000,212000,251000,254000,279164,279164,1800,2776.5235014360705,99.07419699993625,254052.3342889992,217.35701236549124
1776191335,5000,,Aggregated,937.800000,937.800000,1800,2000,2200,2400,2800,3000,3300,4000,213000,252000,256000,281097,281097,1800,2786.6523764547615,99.07419699993625,256112.36386400013,217.5152669718994
1776191337,5000,,Aggregated,1101.100000,1101.100000,1800,2000,2200,2400,2800,3000,3300,4000,216000,254000,257000,282831,282831,1800,2797.4608963923715,99.07419699993625,257287.9976510012,217.4043227227567
